[
  {
    "label": "Redux",
    "description": "Redux is a predictable state container for JavaScript apps",
    "website": "http://redux.js.org/"
  },
  {
    "label": "Jest",
    "description":
      "Jest is used by Facebook to test all JavaScript code including React applications.",
    "website": "https://facebook.github.io/jest/"
  },
  {
    "label": "Enzyme",
    "description":
      "Enzyme is a JavaScript Testing utility for React that makes it easier to assert, manipulate, and traverse your React Components' output.",
    "website": "http://airbnb.io/enzyme/"
  },
  {
    "label": "React Router",
    "description": "Declarative routing for React",
    "website": "https://reacttraining.com/react-router/"
  },
  {
    "label": "react-router-redux",
    "description":
      "Ruthlessly simple bindings to keep react-router and redux in sync",
    "website":
      "https://github.com/ReactTraining/react-router/tree/master/packages/react-router-redux"
  },
  {
    "label": "React-MD",
    "description":
      "react-md is a set of React components and sass files for implementing Google's Material Design.",
    "website": "https://react-md.mlaursen.com/"
  },
  {
    "label": "material-design-icons",
    "description":
      "Material icons are beautifully crafted, delightful, and easy to use in your web, Android, and iOS projects.",
    "website": "https://material.io/icons/"
  },
  {
    "label": "node-sass-chokidar",
    "description":
      "A thin wrapper around node-sass to replicate the --watch using chokidar instead of Gaze.",
    "website": "https://github.com/michaelwayman/node-sass-chokidar"
  },
  {
    "label": "Prettier",
    "description":
      "JavaScript formatter inspired by refmt with advanced support for language features from ES2017, JSX, and Flow.",
    "website": "https://github.com/prettier/prettier/"
  }
]
